chr1,6152575,chr1,7256457
chr1,230597578,chr1,231378057
chr2,77305096,chr2,77457545
chr2,89854053,chr2,89856827
chr2,131886898,chr2,131887093
chr2,240981568,chr2,240982296
chr3,15845173,chr3,15846739
chr3,76779520,chr3,76780192
chr3,195457231,chr3,195470984
chr5,467722,chr5,468642
chr5,5004873,chr5,7076195
chr5,140859716,chr5,140862384
chr5,177821926,chr5,177823862
chr6,16259651,chr6,16265117
chr6,82941035,chr6,83093715
chr6,170575949,chr6,170576833
chr7,224016,chr7,225858
chr7,38309132,chr7,38339419
chr7,73828585,chr7,73831403
chr10,769332,chr10,770112
chr10,21870240,chr12,76442604
chr11,114424911,chr11,114431927
chr13,21732611,chr13,21741918
chr13,39934442,chr13,39935739
chr13,50501413,chr13,80474085
chr13,110417833,chr13,110419156
chr14,22564891,chr14,22919082
chr14,22907993,chr14,22919085
chr14,67833971,chr14,67862887
chr16,210003,chr16,210845
chr16,74005343,chr16,74054131
chr17,4640607,chr17,4641336
chr17,21321277,chr17,21322821
chr17,41401198,chr17,41467211
chr17,45234457,chr17,45249281
chr17,45234477,chr17,45247282
chr17,45234748,chr17,45258927
chr17,64287184,chr17,64289288
chr20,1095164,chr20,1096006
chr20,10788048,chr20,10789498
chr22,24195598,chr22,24198505
chrX,1820686,chrX,1821545
chrY,13460078,chrY,58993922
chrY,13481681,chrY,58995046
chrY,13485405,chrY,58987957
chrY,58983350,chrY,58988330
chrY,58993878,chrY,58997693
chrM,57,chrM,16079
