chr1,110187206,chr1,110191438,Both breakpoints near RSSs
chr1,144551440,chr1,147093694,Neither breakpoint near RSS
chr1,147093822,chr1,156448545,Neither breakpoint near RSS
chr1,153076262,chr1,157354343,Neither breakpoint near RSS
chr1,237566106,chr1,237566204,Neither breakpoint near RSS
chr2,198365068,chr7,136985724,Neither breakpoint near RSS
chr3,88547135,chr3,88547897,One breakpoint near RSS
chr3,95465768,chr3,95470767,One breakpoint near RSS
chr4,10392430,chr4,10402181,Neither breakpoint near RSS
chr4,32065769,chr4,32070980,Neither breakpoint near RSS
chr5,11929658,chr18,20131224,One breakpoint near RSS
chr5,13371149,chr18,31556687,Neither breakpoint near RSS
chr5,14150313,chr9,10571346,One breakpoint near RSS
chr5,18517318,chr14,32374447,Neither breakpoint near RSS
chr5,21026458,chr14,46284916,Neither breakpoint near RSS
chr5,21630436,chr18,31043385,Neither breakpoint near RSS
chr5,140860071,chr5,140862346,One breakpoint near RSS
chr5,176387587,chr5,176390188,Neither breakpoint near RSS
chr7,152245588,chr7,152246284,One breakpoint near RSS
chr8,52609205,chr8,52609395,Both breakpoints near RSSs
chr9,5896338,chr14,55949656,Neither breakpoint near RSS
chr9,15299580,chr14,62501615,Neither breakpoint near RSS
chr9,19955874,chr9,21120151,Neither breakpoint near RSS
chr9,24284983,chr14,87622655,Neither breakpoint near RSS
chr10,72448740,chr10,72451339,Neither breakpoint near RSS
chr11,114424913,chr11,114431930,Neither breakpoint near RSS
chr11,118353211,chr11,118354898,Neither breakpoint near RSS
chr13,39934434,chr13,39935731,Both breakpoints near RSSs
chr14,25643691,chr18,71631947,Neither breakpoint near RSS
chr14,81498154,chr18,21742718,Neither breakpoint near RSS
chr14,106329463,chr14,106382687,Both breakpoints near RSSs
chr14,107136626,chr14,107169931,Both breakpoints near RSSs
chr17,6988931,chr17,6990160,Both breakpoints near RSSs
chr17,45234748,chr17,45247282,Neither breakpoint near RSS
chr17,64799484,chr17,65560751,Neither breakpoint near RSS
chr19,4739130,chr19,4739702,One breakpoint near RSS
chr19,8242766,chr19,8244745,One breakpoint near RSS
chr19,54737309,chr19,54737847,Neither breakpoint near RSS
chr20,4807532,chr20,4808278,Neither breakpoint near RSS
chr20,42324915,chr20,42325402,One breakpoint near RSS
chrX,4903783,chrX,4909019,Neither breakpoint near RSS
chrX,81982646,chrX,81988398,One breakpoint near RSS
