chr2,207987574,chr2,208028538
chr3,95465768,chr3,95470767
chr3,156888919,chr3,156893276
chr3,187462330,chr3,187953624
chr5,149508486,chr5,158134536
chr6,23948735,chr6,23949339
chr7,50412880,chr7,50463646
chr7,67636099,chr7,98082839
chr7,95916438,chr7,96009520
chr8,60031546,chr8,60249646
chr8,67025825,chr8,67042316
chr10,6252012,chr10,6252968
chr10,28821258,chr10,28845776
chr10,119110784,chr10,119133753
chr11,75049709,chr11,75062043
chr14,93926008,chr14,93926391
chr14,106329465,chr14,106383041
chr20,42325143,chr20,42325647
chr22,22385867,chr22,22400258
chr22,22453615,chr22,22600672
chrY,13482400,chrY,58997383
