chr1,29720500,chr1,30878818
chr1,88957692,chr2,51083392
chr1,88959624,chr2,51082913
chr1,89850190,chr1,195389376
chr1,107134731,chr2,51082859
chr1,116888176,chr1,188686673
chr1,145106453,chr1,188318472
chr1,185747349,chr1,219836390
chr1,188686744,chr12,27147786
chr1,196379655,chr2,53684125
chr1,239496137,chr2,21883601
chr2,11962605,chr2,221801393
chr4,31905659,chr4,48104333
chr4,103373326,chr4,139871423
chr6,19946460,chr14,106329465
chr14,67834244,chr14,67862829
chr15,99574554,chr15,99575816
chr19,36705306,chr19,37019968
chr20,42324915,chr20,42325402
chr22,22385863,chr22,22600014
