chr1,144551440,chr1,147093694
chr1,147093822,chr1,156448545
chr1,153076262,chr1,157354343
chr1,237566106,chr1,237566204
chr2,198365068,chr7,136985724
chr4,10392430,chr4,10402181
chr4,32065769,chr4,32070980
chr5,13371149,chr18,31556687
chr5,18517318,chr14,32374447
chr5,21026458,chr14,46284916
chr5,21630436,chr18,31043385
chr5,176387587,chr5,176390188
chr9,5896338,chr14,55949656
chr9,15299580,chr14,62501615
chr9,19955874,chr9,21120151
chr9,24284983,chr14,87622655
chr10,72448740,chr10,72451339
chr11,114424913,chr11,114431930
chr11,118353211,chr11,118354898
chr14,25643691,chr18,71631947
chr14,81498154,chr18,21742718
chr17,45234748,chr17,45247282
chr17,64799484,chr17,65560751
chr19,54737309,chr19,54737847
chr20,4807532,chr20,4808278
chrX,4903783,chrX,4909019
