TARGET ID,LeftChr,LeftPosition,RightChr,RightPosition
TARGET-10-PATIENT1-03A-01D,chr1,6152575,chr1,7256457
TARGET-10-PATIENT1-03A-01D,chr1,230597578,chr1,231378057
TARGET-10-PATIENT1-03A-01D,chr2,77305096,chr2,77457545
TARGET-10-PATIENT1-03A-01D,chr2,89854053,chr2,89856827
TARGET-10-PATIENT1-03A-01D,chr2,131886898,chr2,131887093
TARGET-10-PATIENT1-03A-01D,chr2,240981568,chr2,240982296
TARGET-10-PATIENT1-03A-01D,chr3,15845173,chr3,15846739
TARGET-10-PATIENT1-03A-01D,chr3,76779520,chr3,76780192
TARGET-10-PATIENT1-03A-01D,chr3,195457231,chr3,195470984
TARGET-10-PATIENT1-03A-01D,chr5,467722,chr5,468642
TARGET-10-PATIENT1-03A-01D,chr5,5004873,chr5,7076195
TARGET-10-PATIENT1-03A-01D,chr5,140859716,chr5,140862384
TARGET-10-PATIENT1-03A-01D,chr5,177821926,chr5,177823862
TARGET-10-PATIENT1-03A-01D,chr6,16259651,chr6,16265117
TARGET-10-PATIENT1-03A-01D,chr6,82941035,chr6,83093715
TARGET-10-PATIENT1-03A-01D,chr6,170575949,chr6,170576833
TARGET-10-PATIENT1-03A-01D,chr7,224016,chr7,225858
TARGET-10-PATIENT1-03A-01D,chr7,38309132,chr7,38339419
TARGET-10-PATIENT1-03A-01D,chr7,73828585,chr7,73831403
TARGET-10-PATIENT1-03A-01D,chr10,769332,chr10,770112
TARGET-10-PATIENT1-03A-01D,chr10,21870240,chr12,76442604
TARGET-10-PATIENT1-03A-01D,chr11,114424911,chr11,114431927
TARGET-10-PATIENT1-03A-01D,chr13,21732611,chr13,21741918
TARGET-10-PATIENT1-03A-01D,chr13,39934442,chr13,39935739
TARGET-10-PATIENT1-03A-01D,chr13,50501413,chr13,80474085
TARGET-10-PATIENT1-03A-01D,chr13,110417833,chr13,110419156
TARGET-10-PATIENT1-03A-01D,chr14,22564891,chr14,22919082
TARGET-10-PATIENT1-03A-01D,chr14,22907993,chr14,22919085
TARGET-10-PATIENT1-03A-01D,chr14,67833971,chr14,67862887
TARGET-10-PATIENT1-03A-01D,chr16,210003,chr16,210845
TARGET-10-PATIENT1-03A-01D,chr16,74005343,chr16,74054131
TARGET-10-PATIENT1-03A-01D,chr17,4640607,chr17,4641336
TARGET-10-PATIENT1-03A-01D,chr17,21321277,chr17,21322821
TARGET-10-PATIENT1-03A-01D,chr17,41401198,chr17,41467211
TARGET-10-PATIENT1-03A-01D,chr17,45234457,chr17,45249281
TARGET-10-PATIENT1-03A-01D,chr17,45234477,chr17,45247282
TARGET-10-PATIENT1-03A-01D,chr17,45234748,chr17,45258927
TARGET-10-PATIENT1-03A-01D,chr17,64287184,chr17,64289288
TARGET-10-PATIENT1-03A-01D,chr20,1095164,chr20,1096006
TARGET-10-PATIENT1-03A-01D,chr20,10788048,chr20,10789498
TARGET-10-PATIENT1-03A-01D,chr22,24195598,chr22,24198505
TARGET-10-PATIENT1-03A-01D,chrX,1820686,chrX,1821545
TARGET-10-PATIENT1-03A-01D,chrY,13460078,chrY,58993922
TARGET-10-PATIENT1-03A-01D,chrY,13481681,chrY,58995046
TARGET-10-PATIENT1-03A-01D,chrY,13485405,chrY,58987957
TARGET-10-PATIENT1-03A-01D,chrY,58983350,chrY,58988330
TARGET-10-PATIENT1-03A-01D,chrY,58993878,chrY,58997693
TARGET-10-PATIENT1-03A-01D,chrM,57,chrM,16079
TARGET-10-PATIENT2-03A-01D,chr1,3274132,chr1,3276581
TARGET-10-PATIENT2-03A-01D,chr1,29720500,chr1,30878818
TARGET-10-PATIENT2-03A-01D,chr1,87384786,chr1,191053692
TARGET-10-PATIENT2-03A-01D,chr1,87385656,chr1,186189442
TARGET-10-PATIENT2-03A-01D,chr1,88957692,chr2,51083392
TARGET-10-PATIENT2-03A-01D,chr1,88959561,chr1,219836367
TARGET-10-PATIENT2-03A-01D,chr1,88959624,chr2,51082913
TARGET-10-PATIENT2-03A-01D,chr1,89850190,chr1,195389376
TARGET-10-PATIENT2-03A-01D,chr1,89894142,chr1,103597301
TARGET-10-PATIENT2-03A-01D,chr1,89894241,chr2,11952611
TARGET-10-PATIENT2-03A-01D,chr1,107133061,chr1,190938686
TARGET-10-PATIENT2-03A-01D,chr1,107134731,chr2,51082859
TARGET-10-PATIENT2-03A-01D,chr1,107134751,chr1,196363101
TARGET-10-PATIENT2-03A-01D,chr1,113729684,chr2,221445947
TARGET-10-PATIENT2-03A-01D,chr1,115425946,chr1,194811332
TARGET-10-PATIENT2-03A-01D,chr1,116886302,chr1,216346642
TARGET-10-PATIENT2-03A-01D,chr1,116888176,chr1,188686673
TARGET-10-PATIENT2-03A-01D,chr1,119809817,chr1,187669233
TARGET-10-PATIENT2-03A-01D,chr1,144873223,chr12,82716341
TARGET-10-PATIENT2-03A-01D,chr1,144886121,chr12,85258776
TARGET-10-PATIENT2-03A-01D,chr1,145106453,chr1,188318472
TARGET-10-PATIENT2-03A-01D,chr1,185747349,chr1,219836390
TARGET-10-PATIENT2-03A-01D,chr1,186087524,chr2,51061476
TARGET-10-PATIENT2-03A-01D,chr1,186189416,chr1,194853637
TARGET-10-PATIENT2-03A-01D,chr1,188363098,chr2,51082861
TARGET-10-PATIENT2-03A-01D,chr1,188667472,chr2,221839814
TARGET-10-PATIENT2-03A-01D,chr1,188686744,chr12,27147786
TARGET-10-PATIENT2-03A-01D,chr1,191100864,chr1,239501429
TARGET-10-PATIENT2-03A-01D,chr1,193121764,chr2,52912983
TARGET-10-PATIENT2-03A-01D,chr1,195684019,chr1,216501241
TARGET-10-PATIENT2-03A-01D,chr1,196379655,chr2,53684125
TARGET-10-PATIENT2-03A-01D,chr1,218523211,chr2,222834021
TARGET-10-PATIENT2-03A-01D,chr1,239496137,chr2,21883601
TARGET-10-PATIENT2-03A-01D,chr1,239531653,chr2,11955441
TARGET-10-PATIENT2-03A-01D,chr1,239868932,chr2,21889004
TARGET-10-PATIENT2-03A-01D,chr2,11962605,chr2,221801393
TARGET-10-PATIENT2-03A-01D,chr2,21893265,chr2,30413571
TARGET-10-PATIENT2-03A-01D,chr2,30396751,chr2,51083415
TARGET-10-PATIENT2-03A-01D,chr2,30715913,chr2,53683436
TARGET-10-PATIENT2-03A-01D,chr2,51061440,chr12,68434171
TARGET-10-PATIENT2-03A-01D,chr2,53676351,chr12,68442325
TARGET-10-PATIENT2-03A-01D,chr2,89132276,chr2,89214593
TARGET-10-PATIENT2-03A-01D,chr2,89132280,chr2,89197300
TARGET-10-PATIENT2-03A-01D,chr2,221717348,chr2,221839556
TARGET-10-PATIENT2-03A-01D,chr2,221855428,chr12,68431717
TARGET-10-PATIENT2-03A-01D,chr4,21830542,chr8,51370834
TARGET-10-PATIENT2-03A-01D,chr4,31905659,chr4,48104333
TARGET-10-PATIENT2-03A-01D,chr4,103373326,chr4,139871423
TARGET-10-PATIENT2-03A-01D,chr4,105795341,chr4,108452702
TARGET-10-PATIENT2-03A-01D,chr4,190606912,chr4,190610125
TARGET-10-PATIENT2-03A-01D,chr5,487117,chr5,487676
TARGET-10-PATIENT2-03A-01D,chr5,179934818,chr5,179935069
TARGET-10-PATIENT2-03A-01D,chr6,19944055,chr14,106385362
TARGET-10-PATIENT2-03A-01D,chr6,19946460,chr14,106329465
TARGET-10-PATIENT2-03A-01D,chr7,2075016,chr7,2076006
TARGET-10-PATIENT2-03A-01D,chr7,73828470,chr7,73831288
TARGET-10-PATIENT2-03A-01D,chr7,75664293,chr7,75667807
TARGET-10-PATIENT2-03A-01D,chr9,130900935,chr9,130902132
TARGET-10-PATIENT2-03A-01D,chr12,50182612,chr12,50182870
TARGET-10-PATIENT2-03A-01D,chr12,128055098,chr12,128055272
TARGET-10-PATIENT2-03A-01D,chr13,74915296,chr13,74916749
TARGET-10-PATIENT2-03A-01D,chr14,22892028,chr14,22982927
TARGET-10-PATIENT2-03A-01D,chr14,22892032,chr14,22918125
TARGET-10-PATIENT2-03A-01D,chr14,65606552,chr14,65608242
TARGET-10-PATIENT2-03A-01D,chr14,65842812,chr14,65843135
TARGET-10-PATIENT2-03A-01D,chr14,67834244,chr14,67862829
TARGET-10-PATIENT2-03A-01D,chr15,99574554,chr15,99575816
TARGET-10-PATIENT2-03A-01D,chr16,85149291,chr16,85150053
TARGET-10-PATIENT2-03A-01D,chr16,87710345,chr16,87710994
TARGET-10-PATIENT2-03A-01D,chr17,44282786,chr17,44286275
TARGET-10-PATIENT2-03A-01D,chr19,4739338,chr19,4739558
TARGET-10-PATIENT2-03A-01D,chr19,36705306,chr19,37019968
TARGET-10-PATIENT2-03A-01D,chr20,42324915,chr20,42325402
TARGET-10-PATIENT2-03A-01D,chr22,18057655,chr22,18060400
TARGET-10-PATIENT2-03A-01D,chr22,18619116,chr22,18625796
TARGET-10-PATIENT2-03A-01D,chr22,22385863,chr22,22600014
TARGET-10-PATIENT2-03A-01D,chr22,22517057,chr22,22522493
TARGET-10-PATIENT2-03A-01D,chrX,2292787,chrX,2295044
TARGET-10-PATIENT2-03A-01D,chrX,154487113,chrX,154492197
TARGET-10-PATIENT2-03A-01D,chrY,13460734,chrY,13482428
TARGET-10-PATIENT2-03A-01D,chrY,13485997,chrY,58995064
TARGET-10-PATIENT3-03A-01D,chr1,154580280,chr1,154615230
TARGET-10-PATIENT3-03A-01D,chr1,204381749,chr1,204384698
TARGET-10-PATIENT3-03A-01D,chr1,236279170,chr1,236279720
TARGET-10-PATIENT3-03A-01D,chr2,89160770,chr2,89185669
TARGET-10-PATIENT3-03A-01D,chr2,207987574,chr2,208028538
TARGET-10-PATIENT3-03A-01D,chr2,230758695,chr2,230760003
TARGET-10-PATIENT3-03A-01D,chr3,5219886,chr3,5250453
TARGET-10-PATIENT3-03A-01D,chr3,95465768,chr3,95470767
TARGET-10-PATIENT3-03A-01D,chr3,112129472,chr3,112218477
TARGET-10-PATIENT3-03A-01D,chr3,156888919,chr3,156893276
TARGET-10-PATIENT3-03A-01D,chr3,187462330,chr3,187953624
TARGET-10-PATIENT3-03A-01D,chr4,109062697,chr4,109088426
TARGET-10-PATIENT3-03A-01D,chr4,187353645,chr4,187357253
TARGET-10-PATIENT3-03A-01D,chr4,190606931,chr4,190610035
TARGET-10-PATIENT3-03A-01D,chr5,100239162,chr5,100344663
TARGET-10-PATIENT3-03A-01D,chr5,149508486,chr5,158134536
TARGET-10-PATIENT3-03A-01D,chr6,23948735,chr6,23949339
TARGET-10-PATIENT3-03A-01D,chr6,79185229,chr6,124279619
TARGET-10-PATIENT3-03A-01D,chr6,159419154,chr6,159420339
TARGET-10-PATIENT3-03A-01D,chr7,1334404,chr7,1335001
TARGET-10-PATIENT3-03A-01D,chr7,50412880,chr7,50463646
TARGET-10-PATIENT3-03A-01D,chr7,67636099,chr7,98082839
TARGET-10-PATIENT3-03A-01D,chr7,95916438,chr7,96009520
TARGET-10-PATIENT3-03A-01D,chr8,60031546,chr8,60249646
TARGET-10-PATIENT3-03A-01D,chr8,67025825,chr8,67042316
TARGET-10-PATIENT3-03A-01D,chr9,10563352,chr9,30324693
TARGET-10-PATIENT3-03A-01D,chr9,36951019,chr9,37284580
TARGET-10-PATIENT3-03A-01D,chr9,36951023,chr9,37284586
TARGET-10-PATIENT3-03A-01D,chr9,37025295,chr9,37030699
TARGET-10-PATIENT3-03A-01D,chr9,68996436,chr9,68997583
TARGET-10-PATIENT3-03A-01D,chr9,89155842,chr9,89155947
TARGET-10-PATIENT3-03A-01D,chr10,6252012,chr10,6252968
TARGET-10-PATIENT3-03A-01D,chr10,28821258,chr10,28845776
TARGET-10-PATIENT3-03A-01D,chr10,119110784,chr10,119133753
TARGET-10-PATIENT3-03A-01D,chr10,127190417,chr10,127190694
TARGET-10-PATIENT3-03A-01D,chr10,127190681,chr10,127197219
TARGET-10-PATIENT3-03A-01D,chr11,63698909,chr11,63701423
TARGET-10-PATIENT3-03A-01D,chr11,65642109,chr11,65643848
TARGET-10-PATIENT3-03A-01D,chr11,75049709,chr11,75062043
TARGET-10-PATIENT3-03A-01D,chr12,6847977,chr12,6848620
TARGET-10-PATIENT3-03A-01D,chr12,46124828,chr12,46228826
TARGET-10-PATIENT3-03A-01D,chr13,39934435,chr13,39935732
TARGET-10-PATIENT3-03A-01D,chr13,49533461,chr13,49536621
TARGET-10-PATIENT3-03A-01D,chr14,22363206,chr14,23012128
TARGET-10-PATIENT3-03A-01D,chr14,22860818,chr14,22987428
TARGET-10-PATIENT3-03A-01D,chr14,93926008,chr14,93926391
TARGET-10-PATIENT3-03A-01D,chr14,106329465,chr14,106383041
TARGET-10-PATIENT3-03A-01D,chr14,106329466,chr14,106602571
TARGET-10-PATIENT3-03A-01D,chr14,106385360,chr14,106866436
TARGET-10-PATIENT3-03A-01D,chr14,106733158,chr14,106757667
TARGET-10-PATIENT3-03A-01D,chr14,106877613,chr14,106926186
TARGET-10-PATIENT3-03A-01D,chr14,107172879,chr14,107198929
TARGET-10-PATIENT3-03A-01D,chr15,50646313,chr15,50771839
TARGET-10-PATIENT3-03A-01D,chr15,87699982,chr15,87700489
TARGET-10-PATIENT3-03A-01D,chr16,57366312,chr16,57367118
TARGET-10-PATIENT3-03A-01D,chr17,45234464,chr17,45249276
TARGET-10-PATIENT3-03A-01D,chr17,45234748,chr17,45247282
TARGET-10-PATIENT3-03A-01D,chr19,31287505,chr19,31289778
TARGET-10-PATIENT3-03A-01D,chr19,46278443,chr19,46279425
TARGET-10-PATIENT3-03A-01D,chr20,38021065,chr20,53392501
TARGET-10-PATIENT3-03A-01D,chr20,42325143,chr20,42325647
TARGET-10-PATIENT3-03A-01D,chr22,22385867,chr22,22400258
TARGET-10-PATIENT3-03A-01D,chr22,22453615,chr22,22600672
TARGET-10-PATIENT3-03A-01D,chr22,22677469,chr22,22682308
TARGET-10-PATIENT3-03A-01D,chr22,29195155,chr22,29207958
TARGET-10-PATIENT3-03A-01D,chr22,43676691,chr22,43677443
TARGET-10-PATIENT3-03A-01D,chrY,13459883,chrY,13461371
TARGET-10-PATIENT3-03A-01D,chrY,13460756,chrY,58984631
TARGET-10-PATIENT3-03A-01D,chrY,13482400,chrY,58997383
TARGET-10-PATIENT4-03A-01D,chr2,61381976,chr2,61457177
TARGET-10-PATIENT4-03A-01D,chr2,217089632,chr2,217092498
TARGET-10-PATIENT4-03A-01D,chr2,240981589,chr2,240982289
TARGET-10-PATIENT4-03A-01D,chr3,195457510,chr3,195471261
TARGET-10-PATIENT4-03A-01D,chr4,3611949,chr4,3612562
TARGET-10-PATIENT4-03A-01D,chr4,32066148,chr4,32071102
TARGET-10-PATIENT4-03A-01D,chr4,151011312,chr4,151011639
TARGET-10-PATIENT4-03A-01D,chr6,27100399,chr6,27799258
TARGET-10-PATIENT4-03A-01D,chr6,33583474,chr6,33585816
TARGET-10-PATIENT4-03A-01D,chr7,224027,chr7,225869
TARGET-10-PATIENT4-03A-01D,chr7,1334668,chr7,1335193
TARGET-10-PATIENT4-03A-01D,chr7,55234470,chr7,55235380
TARGET-10-PATIENT4-03A-01D,chr7,151010039,chr7,151012105
TARGET-10-PATIENT4-03A-01D,chr8,49060877,chr8,49061178
TARGET-10-PATIENT4-03A-01D,chr9,6729228,chr9,6729847
TARGET-10-PATIENT4-03A-01D,chr9,68996510,chr9,68997563
TARGET-10-PATIENT4-03A-01D,chr9,89154557,chr9,89155930
TARGET-10-PATIENT4-03A-01D,chr10,12867123,chr10,12867190
TARGET-10-PATIENT4-03A-01D,chr12,40899221,chr12,40905076
TARGET-10-PATIENT4-03A-01D,chr12,102275899,chr12,102277132
TARGET-10-PATIENT4-03A-01D,chr13,49533461,chr13,49536621
TARGET-10-PATIENT4-03A-01D,chr17,45232138,chr17,45234268
TARGET-10-PATIENT4-03A-01D,chr19,4739338,chr19,4739558
TARGET-10-PATIENT4-03A-01D,chr20,4807308,chr20,4808188
TARGET-10-PATIENT4-03A-01D,chr22,49034038,chr22,49034842
TARGET-10-PATIENT5-03A-01D,chr1,5727778,chr1,5728315
TARGET-10-PATIENT5-03A-01D,chr1,101038025,chr1,101039713
TARGET-10-PATIENT5-03A-01D,chr1,111383254,chr1,111384520
TARGET-10-PATIENT5-03A-01D,chr1,226985413,chr1,226986103
TARGET-10-PATIENT5-03A-01D,chr1,237566103,chr1,237566207
TARGET-10-PATIENT5-03A-01D,chr1,248051492,chr1,248057652
TARGET-10-PATIENT5-03A-01D,chr2,495336,chr2,495846
TARGET-10-PATIENT5-03A-01D,chr2,2189360,chr2,2189873
TARGET-10-PATIENT5-03A-01D,chr2,16406410,chr2,16406505
TARGET-10-PATIENT5-03A-01D,chr2,37347674,chr2,37348428
TARGET-10-PATIENT5-03A-01D,chr2,89854051,chr2,89856640
TARGET-10-PATIENT5-03A-01D,chr2,102232584,chr2,102233590
TARGET-10-PATIENT5-03A-01D,chr2,170641518,chr2,170643962
TARGET-10-PATIENT5-03A-01D,chr3,62610774,chr3,62611618
TARGET-10-PATIENT5-03A-01D,chr3,75699636,chr3,75699701
TARGET-10-PATIENT5-03A-01D,chr3,98410693,chr3,98414786
TARGET-10-PATIENT5-03A-01D,chr3,113440782,chr3,113441750
TARGET-10-PATIENT5-03A-01D,chr3,139670713,chr3,139674454
TARGET-10-PATIENT5-03A-01D,chr3,195457510,chr3,195471261
TARGET-10-PATIENT5-03A-01D,chr4,2727224,chr4,2727744
TARGET-10-PATIENT5-03A-01D,chr4,107317838,chr4,107319913
TARGET-10-PATIENT5-03A-01D,chr4,132490656,chr4,132493293
TARGET-10-PATIENT5-03A-01D,chr4,166614649,chr4,166615188
TARGET-10-PATIENT5-03A-01D,chr4,190585813,chr4,190613117
TARGET-10-PATIENT5-03A-01D,chr5,55429267,chr5,55430409
TARGET-10-PATIENT5-03A-01D,chr6,26087734,chr6,26123072
TARGET-10-PATIENT5-03A-01D,chr6,27804309,chr6,27887338
TARGET-10-PATIENT5-03A-01D,chr6,32526183,chr6,32552373
TARGET-10-PATIENT5-03A-01D,chr6,32594493,chr6,32596608
TARGET-10-PATIENT5-03A-01D,chr6,35626627,chr6,35629467
TARGET-10-PATIENT5-03A-01D,chr6,138276859,chr6,140268717
TARGET-10-PATIENT5-03A-01D,chr6,138277206,chr6,140268496
TARGET-10-PATIENT5-03A-01D,chr7,5884055,chr7,5884676
TARGET-10-PATIENT5-03A-01D,chr7,38293019,chr7,38356619
TARGET-10-PATIENT5-03A-01D,chr7,65262467,chr7,65262802
TARGET-10-PATIENT5-03A-01D,chr7,97088388,chr7,97093236
TARGET-10-PATIENT5-03A-01D,chr7,154392116,chr7,154399965
TARGET-10-PATIENT5-03A-01D,chr8,664026,chr8,664800
TARGET-10-PATIENT5-03A-01D,chr8,33158780,chr8,33160376
TARGET-10-PATIENT5-03A-01D,chr9,71895469,chr9,71896629
TARGET-10-PATIENT5-03A-01D,chr9,89154557,chr9,89155930
TARGET-10-PATIENT5-03A-01D,chr9,98336802,chr9,98337365
TARGET-10-PATIENT5-03A-01D,chr9,101000265,chr9,101001177
TARGET-10-PATIENT5-03A-01D,chr9,106568256,chr9,106569729
TARGET-10-PATIENT5-03A-01D,chr9,134289970,chr9,134292847
TARGET-10-PATIENT5-03A-01D,chr10,67428623,chr10,67428737
TARGET-10-PATIENT5-03A-01D,chr10,132988684,chr10,132991208
TARGET-10-PATIENT5-03A-01D,chr11,309248,chr11,319754
TARGET-10-PATIENT5-03A-01D,chr11,24349495,chr11,24355561
TARGET-10-PATIENT5-03A-01D,chr11,65717054,chr11,65719489
TARGET-10-PATIENT5-03A-01D,chr11,83028989,chr17,41486977
TARGET-10-PATIENT5-03A-01D,chr11,88964485,chr11,88967933
TARGET-10-PATIENT5-03A-01D,chr11,93856623,chr11,93858585
TARGET-10-PATIENT5-03A-01D,chr12,131752731,chr12,131887061
TARGET-10-PATIENT5-03A-01D,chr13,49951404,chr13,49953865
TARGET-10-PATIENT5-03A-01D,chr14,22908003,chr14,23009193
TARGET-10-PATIENT5-03A-01D,chr14,93926020,chr14,93926379
TARGET-10-PATIENT5-03A-01D,chr14,107083259,chr14,107122095
TARGET-10-PATIENT5-03A-01D,chr15,41862898,chr15,41865199
TARGET-10-PATIENT5-03A-01D,chr15,95691673,chr15,95692755
TARGET-10-PATIENT5-03A-01D,chr15,99574697,chr15,99575822
TARGET-10-PATIENT5-03A-01D,chr16,229330,chr16,230909
TARGET-10-PATIENT5-03A-01D,chr16,876348,chr16,876958
TARGET-10-PATIENT5-03A-01D,chr16,18832543,chr16,18838395
TARGET-10-PATIENT5-03A-01D,chr16,81798436,chr16,81798977
TARGET-10-PATIENT5-03A-01D,chr16,89658402,chr16,89659145
TARGET-10-PATIENT5-03A-01D,chr17,44287865,chr17,45176129
TARGET-10-PATIENT5-03A-01D,chr17,45232150,chr17,45235564
TARGET-10-PATIENT5-03A-01D,chr17,45234465,chr17,45247282
TARGET-10-PATIENT5-03A-01D,chr17,55687811,chr17,55689916
TARGET-10-PATIENT5-03A-01D,chr17,74279955,chr17,74280897
TARGET-10-PATIENT5-03A-01D,chr19,54810553,chr19,54811398
TARGET-10-PATIENT5-03A-01D,chr19,55604752,chr19,55605696
TARGET-10-PATIENT5-03A-01D,chr20,3795023,chr20,3798755
TARGET-10-PATIENT5-03A-01D,chr20,42324921,chr20,42325403
TARGET-10-PATIENT5-03A-01D,chr21,43226179,chr21,43227481
TARGET-10-PATIENT5-03A-01D,chr21,44812774,chr21,44813334
TARGET-10-PATIENT5-03A-01D,chr22,22517070,chr22,22522495
TARGET-10-PATIENT5-03A-01D,chr22,22569661,chr22,22600264
TARGET-10-PATIENT5-03A-01D,chr22,24195949,chr22,24198520
TARGET-10-PATIENT5-03A-01D,chr22,49800889,chr22,49801445
TARGET-10-PATIENT5-03A-01D,chrX,1820800,chrX,1821743
TARGET-10-PATIENT5-03A-01D,chrX,1859380,chrX,1860017
TARGET-10-PATIENT5-03A-01D,chrX,52887783,chrX,52890043
TARGET-10-PATIENT5-03A-01D,chrX,78923225,chrX,78926079
TARGET-10-PATIENT5-03A-01D,chrX,85605178,chrX,85609870
TARGET-10-PATIENT5-03A-01D,chrY,13472683,chrY,13490110
TARGET-10-PATIENT6-03A-01D,chr1,110187206,chr1,110191438
TARGET-10-PATIENT6-03A-01D,chr1,144551440,chr1,147093694
TARGET-10-PATIENT6-03A-01D,chr1,147093822,chr1,156448545
TARGET-10-PATIENT6-03A-01D,chr1,153076262,chr1,157354343
TARGET-10-PATIENT6-03A-01D,chr1,237566106,chr1,237566204
TARGET-10-PATIENT6-03A-01D,chr2,198365068,chr7,136985724
TARGET-10-PATIENT6-03A-01D,chr3,88547135,chr3,88547897
TARGET-10-PATIENT6-03A-01D,chr3,95465768,chr3,95470767
TARGET-10-PATIENT6-03A-01D,chr4,10392430,chr4,10402181
TARGET-10-PATIENT6-03A-01D,chr4,32065769,chr4,32070980
TARGET-10-PATIENT6-03A-01D,chr5,11929658,chr18,20131224
TARGET-10-PATIENT6-03A-01D,chr5,13371149,chr18,31556687
TARGET-10-PATIENT6-03A-01D,chr5,14150313,chr9,10571346
TARGET-10-PATIENT6-03A-01D,chr5,18517318,chr14,32374447
TARGET-10-PATIENT6-03A-01D,chr5,21026458,chr14,46284916
TARGET-10-PATIENT6-03A-01D,chr5,21630436,chr18,31043385
TARGET-10-PATIENT6-03A-01D,chr5,140860071,chr5,140862346
TARGET-10-PATIENT6-03A-01D,chr5,176387587,chr5,176390188
TARGET-10-PATIENT6-03A-01D,chr7,152245588,chr7,152246284
TARGET-10-PATIENT6-03A-01D,chr8,52609205,chr8,52609395
TARGET-10-PATIENT6-03A-01D,chr9,5896338,chr14,55949656
TARGET-10-PATIENT6-03A-01D,chr9,15299580,chr14,62501615
TARGET-10-PATIENT6-03A-01D,chr9,19955874,chr9,21120151
TARGET-10-PATIENT6-03A-01D,chr9,24284983,chr14,87622655
TARGET-10-PATIENT6-03A-01D,chr10,72448740,chr10,72451339
TARGET-10-PATIENT6-03A-01D,chr11,114424913,chr11,114431930
TARGET-10-PATIENT6-03A-01D,chr11,118353211,chr11,118354898
TARGET-10-PATIENT6-03A-01D,chr13,39934434,chr13,39935731
TARGET-10-PATIENT6-03A-01D,chr14,25643691,chr18,71631947
TARGET-10-PATIENT6-03A-01D,chr14,81498154,chr18,21742718
TARGET-10-PATIENT6-03A-01D,chr14,106329463,chr14,106382687
TARGET-10-PATIENT6-03A-01D,chr14,107136626,chr14,107169931
TARGET-10-PATIENT6-03A-01D,chr17,6988931,chr17,6990160
TARGET-10-PATIENT6-03A-01D,chr17,45234748,chr17,45247282
TARGET-10-PATIENT6-03A-01D,chr17,64799484,chr17,65560751
TARGET-10-PATIENT6-03A-01D,chr19,4739130,chr19,4739702
TARGET-10-PATIENT6-03A-01D,chr19,8242766,chr19,8244745
TARGET-10-PATIENT6-03A-01D,chr19,54737309,chr19,54737847
TARGET-10-PATIENT6-03A-01D,chr20,4807532,chr20,4808278
TARGET-10-PATIENT6-03A-01D,chr20,42324915,chr20,42325402
TARGET-10-PATIENT6-03A-01D,chrX,4903783,chrX,4909019
TARGET-10-PATIENT6-03A-01D,chrX,81982646,chrX,81988398
TARGET-10-PATIENT7-03A-01D,chr2,61700774,chr2,61703182
TARGET-10-PATIENT7-03A-01D,chr3,75787295,chr3,75787802
TARGET-10-PATIENT7-03A-01D,chr3,147685292,chr3,147685496
TARGET-10-PATIENT7-03A-01D,chr3,194776245,chr3,194776326
TARGET-10-PATIENT7-03A-01D,chr4,144288374,chr4,144392311
TARGET-10-PATIENT7-03A-01D,chr5,115872317,chr5,115873660
TARGET-10-PATIENT7-03A-01D,chr5,147553039,chr5,147554778
TARGET-10-PATIENT7-03A-01D,chr5,176286136,chr5,176286649
TARGET-10-PATIENT7-03A-01D,chr6,26127372,chr6,26235068
TARGET-10-PATIENT7-03A-01D,chr6,33583474,chr6,33585816
TARGET-10-PATIENT7-03A-01D,chr7,38293018,chr7,38402463
TARGET-10-PATIENT7-03A-01D,chr7,121162516,chr7,121162624
TARGET-10-PATIENT7-03A-01D,chr8,81955084,chr8,82017539
TARGET-10-PATIENT7-03A-01D,chr8,81955084,chr8,82046103
TARGET-10-PATIENT7-03A-01D,chr8,82017824,chr8,82046107
TARGET-10-PATIENT7-03A-01D,chr9,31531584,chr9,31567414
TARGET-10-PATIENT7-03A-01D,chr9,36965795,chr9,36970332
TARGET-10-PATIENT7-03A-01D,chr9,135894809,chr9,135896593
TARGET-10-PATIENT7-03A-01D,chr10,12867123,chr10,12867190
TARGET-10-PATIENT7-03A-01D,chr10,127190681,chr10,127197219
TARGET-10-PATIENT7-03A-01D,chr11,32389262,chr11,32390658
TARGET-10-PATIENT7-03A-01D,chr14,22908005,chr14,22918108
TARGET-10-PATIENT7-03A-01D,chr15,71708609,chr15,71713690
TARGET-10-PATIENT7-03A-01D,chr16,71830431,chr16,71919666
TARGET-10-PATIENT7-03A-01D,chr17,21321277,chr17,21322821
TARGET-10-PATIENT7-03A-01D,chr17,57870216,chr17,57871185
TARGET-10-PATIENT7-03A-01D,chr19,4739125,chr19,4739702
TARGET-10-PATIENT7-03A-01D,chr21,35778363,chr21,35778479
TARGET-10-PATIENT7-03A-01D,chr22,18057661,chr22,18060464
TARGET-10-PATIENT7-03A-01D,chr22,34210815,chr22,34244459
TARGET-10-PATIENT7-03A-01D,chrX,78923225,chrX,78926079
TARGET-10-PATIENT7-03A-01D,chrX,81982418,chrX,81988170
TARGET-10-PATIENT7-03A-01D,chrY,13459857,chrY,13461101
TARGET-10-PATIENT7-03A-01D,chrY,13460734,chrY,13482428
TARGET-10-PATIENT7-03A-01D,chrY,13461416,chrY,13468738
TARGET-10-PATIENT7-03A-01D,chrY,13467516,chrY,13485547
TARGET-10-PATIENT7-03A-01D,chrY,13467516,chrY,58993878
TARGET-10-PATIENT7-03A-01D,chrY,13481709,chrY,13485462
TARGET-10-PATIENT7-03A-01D,chrY,13485089,chrY,13485767
TARGET-10-PATIENT8-03A-01D,chr1,825107,chr1,5725895
TARGET-10-PATIENT8-03A-01D,chr1,5734387,chr1,5734888
TARGET-10-PATIENT8-03A-01D,chr1,5736256,chr1,227760836
TARGET-10-PATIENT8-03A-01D,chr1,14436308,chr1,14438241
TARGET-10-PATIENT8-03A-01D,chr1,158871267,chr1,158902280
TARGET-10-PATIENT8-03A-01D,chr1,180196441,chr12,93204328
TARGET-10-PATIENT8-03A-01D,chr1,180196526,chr12,11934242
TARGET-10-PATIENT8-03A-01D,chr1,240115816,chr1,240116683
TARGET-10-PATIENT8-03A-01D,chr1,243127511,chr1,243129077
TARGET-10-PATIENT8-03A-01D,chr2,2189215,chr2,2190138
TARGET-10-PATIENT8-03A-01D,chr2,10826038,chr2,10827195
TARGET-10-PATIENT8-03A-01D,chr2,16406410,chr2,16406505
TARGET-10-PATIENT8-03A-01D,chr2,89132281,chr2,89159122
TARGET-10-PATIENT8-03A-01D,chr2,89160436,chr2,90078324
TARGET-10-PATIENT8-03A-01D,chr2,91784231,chr2,91784988
TARGET-10-PATIENT8-03A-01D,chr2,122289520,chr2,122408067
TARGET-10-PATIENT8-03A-01D,chr2,162135064,chr2,162139182
TARGET-10-PATIENT8-03A-01D,chr2,208351154,chr2,208359369
TARGET-10-PATIENT8-03A-01D,chr3,67493704,chr3,67496808
TARGET-10-PATIENT8-03A-01D,chr3,77404234,chr3,77404399
TARGET-10-PATIENT8-03A-01D,chr3,88547135,chr3,88547897
TARGET-10-PATIENT8-03A-01D,chr3,98410704,chr3,98414784
TARGET-10-PATIENT8-03A-01D,chr3,195457500,chr3,195471251
TARGET-10-PATIENT8-03A-01D,chr4,40025053,chr4,40026419
TARGET-10-PATIENT8-03A-01D,chr4,190535399,chr4,190537030
TARGET-10-PATIENT8-03A-01D,chr5,62168532,chr5,62169406
TARGET-10-PATIENT8-03A-01D,chr5,169597154,chr5,169598681
TARGET-10-PATIENT8-03A-01D,chr6,32594479,chr6,32596472
TARGET-10-PATIENT8-03A-01D,chr6,33583474,chr6,33585816
TARGET-10-PATIENT8-03A-01D,chr6,107477923,chr6,112410484
TARGET-10-PATIENT8-03A-01D,chr7,224015,chr7,225797
TARGET-10-PATIENT8-03A-01D,chr7,38295997,chr7,38369952
TARGET-10-PATIENT8-03A-01D,chr7,63700141,chr7,63700999
TARGET-10-PATIENT8-03A-01D,chr7,100550736,chr7,100551246
TARGET-10-PATIENT8-03A-01D,chr7,121161982,chr7,121162552
TARGET-10-PATIENT8-03A-01D,chr8,24657929,chr8,52703368
TARGET-10-PATIENT8-03A-01D,chr8,40774624,chr8,40779780
TARGET-10-PATIENT8-03A-01D,chr8,103435607,chr8,103435887
TARGET-10-PATIENT8-03A-01D,chr8,108569293,chr8,108569363
TARGET-10-PATIENT8-03A-01D,chr8,144056638,chr8,144057177
TARGET-10-PATIENT8-03A-01D,chr9,21893916,chr9,21986167
TARGET-10-PATIENT8-03A-01D,chr9,68411489,chr9,68413971
TARGET-10-PATIENT8-03A-01D,chr9,89154557,chr9,89155930
TARGET-10-PATIENT8-03A-01D,chr9,89155842,chr9,89155947
TARGET-10-PATIENT8-03A-01D,chr9,140773612,chr9,140777196
TARGET-10-PATIENT8-03A-01D,chr10,127190681,chr10,127197219
TARGET-10-PATIENT8-03A-01D,chr10,134924826,chr10,134925582
TARGET-10-PATIENT8-03A-01D,chr11,61930348,chr11,61930941
TARGET-10-PATIENT8-03A-01D,chr11,118234324,chr11,118235584
TARGET-10-PATIENT8-03A-01D,chr12,11904543,chr12,46754243
TARGET-10-PATIENT8-03A-01D,chr12,11904556,chr12,88507811
TARGET-10-PATIENT8-03A-01D,chr12,11934586,chr12,11957017
TARGET-10-PATIENT8-03A-01D,chr12,11944620,chr12,46754041
TARGET-10-PATIENT8-03A-01D,chr12,88508144,chr12,93204364
TARGET-10-PATIENT8-03A-01D,chr12,92280334,chr12,92538069
TARGET-10-PATIENT8-03A-01D,chr13,21736009,chr13,21742120
TARGET-10-PATIENT8-03A-01D,chr13,23023724,chr13,23023851
TARGET-10-PATIENT8-03A-01D,chr13,23632435,chr13,23637302
TARGET-10-PATIENT8-03A-01D,chr13,44811951,chr13,45010458
TARGET-10-PATIENT8-03A-01D,chr13,49533461,chr13,49536621
TARGET-10-PATIENT8-03A-01D,chr13,49951404,chr13,49953865
TARGET-10-PATIENT8-03A-01D,chr14,22859116,chr14,22959489
TARGET-10-PATIENT8-03A-01D,chr14,22892028,chr14,22982924
TARGET-10-PATIENT8-03A-01D,chr14,65289080,chr14,65289120
TARGET-10-PATIENT8-03A-01D,chr14,93926007,chr14,93926392
TARGET-10-PATIENT8-03A-01D,chr14,106330065,chr14,106408256
TARGET-10-PATIENT8-03A-01D,chr14,106733145,chr14,106757651
TARGET-10-PATIENT8-03A-01D,chr15,101662206,chr15,101662302
TARGET-10-PATIENT8-03A-01D,chr16,14580978,chr16,33949685
TARGET-10-PATIENT8-03A-01D,chr17,40801970,chr17,40803485
TARGET-10-PATIENT8-03A-01D,chr19,4005348,chr19,4159437
TARGET-10-PATIENT8-03A-01D,chr20,42324915,chr20,42325402
TARGET-10-PATIENT8-03A-01D,chr20,47942174,chr20,47942256
TARGET-10-PATIENT8-03A-01D,chr21,22059136,chr21,22060290
TARGET-10-PATIENT8-03A-01D,chr22,22517060,chr22,22522493
TARGET-10-PATIENT8-03A-01D,chrX,1413660,chrX,1414048
TARGET-10-PATIENT8-03A-01D,chrX,2292546,chrX,2294755
TARGET-10-PATIENT8-03A-01D,chrX,29268777,chrX,29270371
TARGET-10-PATIENT8-03A-01D,chrX,81982630,chrX,81988382