Chromosome,Search Window Start,Search Window End
chr10,127190667,127190767
chr10,28846026,28846126
chr11,118234574,118234674
chr11,118355148,118355248
chr11,24355811,24355911
chr11,32389512,32389612
chr11,65717304,65717404
chr12,102277382,102277482
chr12,128055348,128055448
chr12,46754493,46754593
chr12,6848870,6848970
chr12,92280584,92280684
chr13,110418083,110418183
chr13,44812201,44812301
chr13,49533711,49533811
chr14,106866686,106866786
chr15,101662456,101662556
chr15,20346195_chr15,20346760_2
chr15,99576066,99576166
chr15,99576072,99576172
chr16,18838645,18838745
chr16,210253,210353
chr16,89658652,89658752
chr17,41401448,41401548
chr17,55688061,55688161
chr19,31287755,31287855
chr19,46278693,46278793
chr19,54811648,54811748
chr19,55605946,55606046
chr19,8243016,8243116
chr1,107134981,107135081
chr1,107135001,107135101
chr1,153076512,153076612
chr1,227761086,227761186
chr1,231378307,231378407
chr1,236279420,236279520
chr1,237566353,237566453
chr1,237566356,237566456
chr1,243127761,243127861
chr1,243129327,243129427
chr1,5726145,5726245
chr1,88959811,88959911
chr20,3799005,3799105
chr20,38021315,38021415
chr21,22059386,22059486
chr22,22453865,22453965
chr22,22517307,22517407
chr22,22517310,22517410
chr22,22517320,22517420
chr22,24195848,24195948
chr22,24198755,24198855
chr22,24198770,24198870
chr22,49034288,49034388
chr2,132388409_chr2,132388829_2
chr2,217089882,217089982
chr2,21893515,21893615
chr2,221801643,221801743
chr2,222834271,222834371
chr2,51083109,51083209
chr2,51083111,51083211
chr2,51083163,51083263
chr2,89161020,89161120
chr2,89197550,89197650
chr2,91785238,91785338
chr3,113441032,113441132
chr3,15845423,15845523
chr3,187462580,187462680
chr3,62611024,62611124
chr3,62611868,62611968
chr3,75699886,75699986
chr3,95466018,95466118
chr4,108452952,108453052
chr4,166614899,166614999
chr4,190607162,190607262
chr4,190607181,190607281
chr4,190610375,190610475
chr4,190613367,190613467
chr4,61626040_chr4,61626177_2
chr5,140860321,140860421
chr5,149508736,149508836
chr5,18517568,18517668
chr5,487367,487467
chr6,159420589,159420689
chr6,23948985,23949085
chr6,33583724,33583824
chr6,33586066,33586166
chr7,100550986,100551086
chr7,100551496,100551596
chr7,121162766,121162866
chr7,121162802,121162902
chr7,121162874,121162974
chr7,1334654,1334754
chr7,1334918,1335018
chr7,1335251,1335351
chr7,136985974,136986074
chr7,151010289,151010389
chr7,224265,224365
chr7,224266,224366
chr7,224277,224377
chr7,226119,226219
chr7,55234720,55234820
chr7,63700391,63700491
chr7,65263052,65263152
chr7,73828720,73828820
chr7,97088638,97088738
chr8,46500851_chr8,46501769_2
chr8,52703618,52703718
chr8,665050,665150
chr8,67026075,67026175
chr8,82017789,82017889
chr9,101000515,101000615
chr9,36970582,36970682
chr9,37025545,37025645
chr9,5896588,5896688
chr9,68997833,68997933
chr9,89154807,89154907
chrX,154487363,154487463
chrX,1859630,1859730
chrY,13461666,13461766
chrY,13467766,13467866
chrY,13482650,13482750
chrY,58988580,58988680
